<?xml version="1.0" encoding="UTF-8"?>
<project-private xmlns="http://www.netbeans.org/ns/project-private/1">
    <editor-bookmarks xmlns="http://www.netbeans.org/ns/editor-bookmarks/2" lastBookmarkId="0"/>
    <open-files xmlns="http://www.netbeans.org/ns/projectui-open-files/2">
        <group>
            <file>file:/C:/Users/macar/OneDrive/Documentos/Arthur/Etec/2°%20Ano/Aulas/Desenvolvimento%20de%20Sistemas/Java_bd/Java_bd/src/Tela_del_Cliente.java</file>
            <file>file:/C:/Users/macar/OneDrive/Documentos/Arthur/Etec/2°%20Ano/Aulas/Desenvolvimento%20de%20Sistemas/Java_bd/Java_bd/src/deletar_usuario.java</file>
            <file>file:/C:/Users/macar/OneDrive/Documentos/Arthur/Etec/2°%20Ano/Aulas/Desenvolvimento%20de%20Sistemas/Java_bd/Java_bd/src/Tela_adm_Funcionario.java</file>
            <file>file:/C:/Users/macar/OneDrive/Documentos/Arthur/Etec/2°%20Ano/Aulas/Desenvolvimento%20de%20Sistemas/Java_bd/Java_bd/src/Tela_del_Funcionario.java</file>
        </group>
    </open-files>
</project-private>
