<?xml version="1.0" encoding="UTF-8"?>
<project-private xmlns="http://www.netbeans.org/ns/project-private/1">
    <editor-bookmarks xmlns="http://www.netbeans.org/ns/editor-bookmarks/2" lastBookmarkId="0"/>
    <open-files xmlns="http://www.netbeans.org/ns/projectui-open-files/2">
        <group>
            <file>file:/D:/Java_bd/Java_bd/src/Tela_Cliente.java</file>
            <file>file:/D:/Java_bd/Java_bd/src/Cadastro_Cliente.java</file>
            <file>file:/D:/Java_bd/Java_bd/src/java_bd/Java_bd.java</file>
            <file>file:/D:/Java_bd/Java_bd/src/Tela_Inicial.java</file>
            <file>file:/D:/Java_bd/Java_bd/src/Tela_Menu.java</file>
            <file>file:/D:/Java_bd/Java_bd/src/Tela_Funcionario.java</file>
        </group>
    </open-files>
</project-private>
